<wddxPacket version='1.0'><header/><data><recordset rowCount='0' fieldNames='BASEID,ATTRIBUTEID,ATTRIBUTEVALUE,SITEID,STRINGVALUE,NUMERICVALUE,DATETIMEVALUE,REMOTEID,CONTENTID,NAME' type='coldfusion.sql.QueryTable'><field name='baseID'></field><field name='attributeID'></field><field name='attributeValue'></field><field name='siteID'></field><field name='stringvalue'></field><field name='numericvalue'></field><field name='datetimevalue'></field><field name='remoteID'></field><field name='contentid'></field><field name='name'></field></recordset></data></wddxPacket>

