<wddxPacket version='1.0'><header/><data><recordset rowCount='7' fieldNames='CONTENTID,CONTENTHISTID,FILENAME,TYPE,SUBTYPE,ORDERNO,PATH,DEPTH' type='coldfusion.sql.QueryTable'><field name='contentid'><string>95FD04A5-E4E8-4082-8AED56A111A341E5</string><string>C5B40E45-FDE8-4BB2-8EEEC3951A73F247</string><string>9EB23D45-4260-4CF8-9C1675E96F1A9879</string><string>D9D19F78-6C90-418D-BA960F80617EA5D0</string><string>33ABE20A-619F-4DB7-987C49225ADF6A68</string><string>2D7B2F8C-D280-4997-AE1F89F1BC8769BF</string><string>6EDDAB53-0500-4DC1-B6EBB1DAB4871F9F</string></field><field name='contenthistid'><string>9E2BED41-CBE9-439C-B7D62DA66A92A6FE</string><string>1788021A-E668-44D2-A7A89DD1D9EBC08C</string><string>B04C0AA2-DCFB-445F-AA276330C3035098</string><string>884DD0D7-FC60-4724-BC0A296B4AFF0851</string><string>9D3BC85E-C879-4030-A2E5FB04FB24A31E</string><string>8B33EE30-50C2-4991-8E6971B917035B47</string><string>C3631421-85A7-47E8-B3A8C9886A6C539B</string></field><field name='filename'><string>car-catalog</string><string>car-catalog/tesla-model-s-90d</string><string>car-catalog/porsche-macan</string><string>car-catalog/porsche-911</string><string>car-catalog/mercedes-benz-g550</string><string>car-catalog/mercedes-benz-c63-amg</string><string>car-catalog/land-rover-range-rover-sport</string></field><field name='type'><string>Folder</string><string>Page</string><string>Page</string><string>Page</string><string>Page</string><string>Page</string><string>Page</string></field><field name='subtype'><string>Default</string><string>Car</string><string>Default</string><string>Default</string><string>Default</string><string>Default</string><string>Default</string></field><field name='orderno'><number>3.0</number><number>2.0</number><number>4.0</number><number>6.0</number><number>7.0</number><number>8.0</number><number>9.0</number></field><field name='path'><string>00000000000000000000000000000000001,95FD04A5-E4E8-4082-8AED56A111A341E5</string><string>00000000000000000000000000000000001,95FD04A5-E4E8-4082-8AED56A111A341E5,C5B40E45-FDE8-4BB2-8EEEC3951A73F247</string><string>00000000000000000000000000000000001,95FD04A5-E4E8-4082-8AED56A111A341E5,9EB23D45-4260-4CF8-9C1675E96F1A9879</string><string>00000000000000000000000000000000001,95FD04A5-E4E8-4082-8AED56A111A341E5,D9D19F78-6C90-418D-BA960F80617EA5D0</string><string>00000000000000000000000000000000001,95FD04A5-E4E8-4082-8AED56A111A341E5,33ABE20A-619F-4DB7-987C49225ADF6A68</string><string>00000000000000000000000000000000001,95FD04A5-E4E8-4082-8AED56A111A341E5,2D7B2F8C-D280-4997-AE1F89F1BC8769BF</string><string>00000000000000000000000000000000001,95FD04A5-E4E8-4082-8AED56A111A341E5,6EDDAB53-0500-4DC1-B6EBB1DAB4871F9F</string></field><field name='depth'><number>2.0</number><number>3.0</number><number>3.0</number><number>3.0</number><number>3.0</number><number>3.0</number><number>3.0</number></field></recordset></data></wddxPacket>
