<wddxPacket version='1.0'><header/><data><recordset rowCount='6' fieldNames='FILEID,CONTENTID,SITEID,MODULEID,FILENAME,IMAGE,IMAGESMALL,IMAGEMEDIUM,FILESIZE,CONTENTTYPE,CONTENTSUBTYPE,FILEEXT,CREATED,DELETED,CAPTION,CREDITS,ALTTEXT,REMOTEID,REMOTEURL,REMOTEPUBDATE,REMOTESOURCE,REMOTESOURCEURL,EXIF' type='coldfusion.sql.QueryTable'><field name='fileID'><string>297A4A38-92FE-4F13-BAB2785718057DF9</string><string>71075BF2-9234-47AC-8A8C2C0918A81CAC</string><string>B2251A1E-5E22-476A-8ADF86985F996F4A</string><string>B4964979-2B2E-4F9C-9BF16B89F8622C05</string><string>D0592859-01F2-4675-8CEEDDB49796C7F2</string><string>E447C190-5A67-4F47-AEEBA49E6BEE9D4A</string></field><field name='contentID'><string>9EB23D45-4260-4CF8-9C1675E96F1A9879</string><string>2D7B2F8C-D280-4997-AE1F89F1BC8769BF</string><string>6EDDAB53-0500-4DC1-B6EBB1DAB4871F9F</string><string>C5B40E45-FDE8-4BB2-8EEEC3951A73F247</string><string>D9D19F78-6C90-418D-BA960F80617EA5D0</string><string>33ABE20A-619F-4DB7-987C49225ADF6A68</string></field><field name='siteID'><string>default</string><string>default</string><string>default</string><string>default</string><string>default</string><string>default</string></field><field name='moduleID'><string>00000000000000000000000000000000000</string><string>00000000000000000000000000000000000</string><string>00000000000000000000000000000000000</string><string>00000000000000000000000000000000000</string><string>00000000000000000000000000000000000</string><string>00000000000000000000000000000000000</string></field><field name='filename'><string>porsche3.png</string><string>amg.png</string><string>8552_cc1280_032_824_940_705_80_538_398_80_bor1_eeeeee_s_c1.jpg</string><string>tesla.png</string><string>porsche.png</string><string>8700_cc1280_032_775_940_705_80_538_398_80_bor1_eeeeee_s_c1.jpg</string></field><field name='image'><string></string><string></string><string></string><string></string><string></string><string></string></field><field name='imageSmall'><string></string><string></string><string></string><string></string><string></string><string></string></field><field name='imageMedium'><string></string><string></string><string></string><string></string><string></string><string></string></field><field name='fileSize'><number>46838.0</number><number>60377.0</number><number>19286.0</number><number>50746.0</number><number>46377.0</number><number>22626.0</number></field><field name='contentType'><string>image</string><string>image</string><string>image</string><string>image</string><string>image</string><string>image</string></field><field name='contentSubType'><string>png</string><string>png</string><string>jpeg</string><string>png</string><string>png</string><string>jpeg</string></field><field name='fileExt'><string>png</string><string>png</string><string>jpg</string><string>png</string><string>png</string><string>jpg</string></field><field name='created'><dateTime>2018-4-4T8:12:13+0:0</dateTime><dateTime>2018-4-4T8:8:43+0:0</dateTime><dateTime>2018-4-4T7:46:7+0:0</dateTime><dateTime>2018-4-4T8:13:7+0:0</dateTime><dateTime>2018-4-4T8:9:58+0:0</dateTime><dateTime>2018-4-4T8:6:32+0:0</dateTime></field><field name='deleted'><number>0.0</number><number>0.0</number><number>0.0</number><number>0.0</number><number>0.0</number><number>0.0</number></field><field name='caption'><string></string><string></string><string></string><string></string><string></string><string></string></field><field name='credits'><string></string><string></string><string></string><string></string><string></string><string></string></field><field name='alttext'><string></string><string></string><string></string><string></string><string></string><string></string></field><field name='remoteID'><string></string><string></string><string></string><string></string><string></string><string></string></field><field name='remoteURL'><string></string><string></string><string></string><string></string><string></string><string></string></field><field name='remotePubDate'><string></string><string></string><string></string><string></string><string></string><string></string></field><field name='remoteSource'><string></string><string></string><string></string><string></string><string></string><string></string></field><field name='remoteSourceURL'><string></string><string></string><string></string><string></string><string></string><string></string></field><field name='exif'><string>{}</string><string>{}</string><string>{&quot;metadata&quot;:{&quot;Text&quot;:{&quot;TextEntry&quot;:{&quot;keyword&quot;:&quot;comment&quot;,&quot;value&quot;:&quot;CREATOR: gd-jpeg v1.0 (using IJG JPEG v62), quality = 80\n&quot;}},&quot;Chroma&quot;:{&quot;NumChannels&quot;:&quot;3&quot;,&quot;ColorSpaceType&quot;:{&quot;name&quot;:&quot;YCbCr&quot;}},&quot;markerSequence&quot;:{&quot;dqt&quot;:{&quot;dqtable&quot;:{&quot;elementPrecision&quot;:&quot;0&quot;,&quot;qtableId&quot;:&quot;0&quot;}},&quot;sof&quot;:{&quot;samplePrecision&quot;:&quot;8&quot;,&quot;numFrameComponents&quot;:&quot;3&quot;,&quot;process&quot;:&quot;0&quot;,&quot;samplesPerLine&quot;:&quot;0&quot;,&quot;numLines&quot;:&quot;0&quot;,&quot;componentSpec&quot;:{&quot;HsamplingFactor&quot;:&quot;2&quot;,&quot;QtableSelector&quot;:&quot;0&quot;,&quot;componentId&quot;:&quot;1&quot;,&quot;VsamplingFactor&quot;:&quot;2&quot;}},&quot;com&quot;:{&quot;comment&quot;:&quot;CREATOR: gd-jpeg v1.0 (using IJG JPEG v62), quality = 80\n&quot;},&quot;dht&quot;:{&quot;dhtable&quot;:{&quot;htableId&quot;:&quot;0&quot;,&quot;class&quot;:&quot;0&quot;}},&quot;sos&quot;:{&quot;endSpectralSelection&quot;:&quot;63&quot;,&quot;approxLow&quot;:&quot;0&quot;,&quot;numScanComponents&quot;:&quot;3&quot;,&quot;startSpectralSelection&quot;:&quot;0&quot;,&quot;approxHigh&quot;:&quot;0&quot;,&quot;scanComponentSpec&quot;:{&quot;componentSelector&quot;:&quot;1&quot;,&quot;acHuffTable&quot;:&quot;0&quot;,&quot;dcHuffTable&quot;:&quot;0&quot;}},&quot;app0JFIF&quot;:{&quot;minorVersion&quot;:&quot;1&quot;,&quot;Ydensity&quot;:&quot;1&quot;,&quot;majorVersion&quot;:&quot;1&quot;,&quot;resUnits&quot;:&quot;0&quot;,&quot;Xdensity&quot;:&quot;1&quot;,&quot;thumbWidth&quot;:&quot;0&quot;,&quot;thumbHeight&quot;:&quot;0&quot;}},&quot;JPEGvariety&quot;:{&quot;app0JFIF&quot;:{&quot;minorVersion&quot;:&quot;2&quot;,&quot;Ydensity&quot;:&quot;1&quot;,&quot;majorVersion&quot;:&quot;1&quot;,&quot;resUnits&quot;:&quot;0&quot;,&quot;Xdensity&quot;:&quot;1&quot;,&quot;thumbWidth&quot;:&quot;0&quot;,&quot;thumbHeight&quot;:&quot;0&quot;}},&quot;Compression&quot;:{&quot;Lossless&quot;:&quot;FALSE&quot;,&quot;CompressionTypeName&quot;:&quot;JPEG&quot;,&quot;NumProgressiveScans&quot;:&quot;1&quot;},&quot;Dimension&quot;:{&quot;PixelAspectRatio&quot;:&quot;1.0&quot;,&quot;ImageOrientation&quot;:&quot;normal&quot;}},&quot;height&quot;:400,&quot;X Resolution&quot;:&quot;1 dot&quot;,&quot;Component 1&quot;:&quot;Y component: Quantization table 0, Sampling factors 2 horiz/2 vert&quot;,&quot;Image Height&quot;:&quot;400 pixels&quot;,&quot;JPEG Comment&quot;:&quot;CREATOR: gd-jpeg v1.0 (using IJG JPEG v62), quality = 80\n&quot;,&quot;Y Resolution&quot;:&quot;1 dot&quot;,&quot;source&quot;:&quot;/opt/lucee/web/temp/8552_cc1280_032_824_940_705_80_538_398_80_bor1_eeeeee_s_c1.jpg&quot;,&quot;Version&quot;:&quot;1.1&quot;,&quot;Component 2&quot;:&quot;Cb component: Quantization table 1, Sampling factors 1 horiz/1 vert&quot;,&quot;colormodel&quot;:{&quot;colormodel_type&quot;:&quot;ComponentColorModel&quot;,&quot;num_components&quot;:3,&quot;alpha_premultiplied&quot;:false,&quot;alpha_channel_support&quot;:false,&quot;bits_component_3&quot;:8,&quot;colorspace&quot;:&quot;Any of the family of RGB color spaces&quot;,&quot;pixel_size&quot;:24,&quot;transparency&quot;:&quot;OPAQUE&quot;,&quot;bits_component&quot;:[8,8,8],&quot;bits_component_2&quot;:8,&quot;num_color_components&quot;:3,&quot;bits_component_1&quot;:8},&quot;Resolution Units&quot;:&quot;none&quot;,&quot;Image Width&quot;:&quot;540 pixels&quot;,&quot;Data Precision&quot;:&quot;8 bits&quot;,&quot;width&quot;:540,&quot;Compression Type&quot;:&quot;Baseline&quot;,&quot;Number of Components&quot;:&quot;3&quot;,&quot;Component 3&quot;:&quot;Cr component: Quantization table 1, Sampling factors 1 horiz/1 vert&quot;}</string><string>{}</string><string>{}</string><string>{&quot;metadata&quot;:{&quot;Text&quot;:{&quot;TextEntry&quot;:{&quot;keyword&quot;:&quot;comment&quot;,&quot;value&quot;:&quot;CREATOR: gd-jpeg v1.0 (using IJG JPEG v62), quality = 80\n&quot;}},&quot;Chroma&quot;:{&quot;NumChannels&quot;:&quot;3&quot;,&quot;ColorSpaceType&quot;:{&quot;name&quot;:&quot;YCbCr&quot;}},&quot;markerSequence&quot;:{&quot;dqt&quot;:{&quot;dqtable&quot;:{&quot;elementPrecision&quot;:&quot;0&quot;,&quot;qtableId&quot;:&quot;0&quot;}},&quot;sof&quot;:{&quot;samplePrecision&quot;:&quot;8&quot;,&quot;numFrameComponents&quot;:&quot;3&quot;,&quot;process&quot;:&quot;0&quot;,&quot;samplesPerLine&quot;:&quot;0&quot;,&quot;numLines&quot;:&quot;0&quot;,&quot;componentSpec&quot;:{&quot;HsamplingFactor&quot;:&quot;2&quot;,&quot;QtableSelector&quot;:&quot;0&quot;,&quot;componentId&quot;:&quot;1&quot;,&quot;VsamplingFactor&quot;:&quot;2&quot;}},&quot;com&quot;:{&quot;comment&quot;:&quot;CREATOR: gd-jpeg v1.0 (using IJG JPEG v62), quality = 80\n&quot;},&quot;dht&quot;:{&quot;dhtable&quot;:{&quot;htableId&quot;:&quot;0&quot;,&quot;class&quot;:&quot;0&quot;}},&quot;sos&quot;:{&quot;endSpectralSelection&quot;:&quot;63&quot;,&quot;approxLow&quot;:&quot;0&quot;,&quot;numScanComponents&quot;:&quot;3&quot;,&quot;startSpectralSelection&quot;:&quot;0&quot;,&quot;approxHigh&quot;:&quot;0&quot;,&quot;scanComponentSpec&quot;:{&quot;componentSelector&quot;:&quot;1&quot;,&quot;acHuffTable&quot;:&quot;0&quot;,&quot;dcHuffTable&quot;:&quot;0&quot;}},&quot;app0JFIF&quot;:{&quot;minorVersion&quot;:&quot;1&quot;,&quot;Ydensity&quot;:&quot;1&quot;,&quot;majorVersion&quot;:&quot;1&quot;,&quot;resUnits&quot;:&quot;0&quot;,&quot;Xdensity&quot;:&quot;1&quot;,&quot;thumbWidth&quot;:&quot;0&quot;,&quot;thumbHeight&quot;:&quot;0&quot;}},&quot;JPEGvariety&quot;:{&quot;app0JFIF&quot;:{&quot;minorVersion&quot;:&quot;2&quot;,&quot;Ydensity&quot;:&quot;1&quot;,&quot;majorVersion&quot;:&quot;1&quot;,&quot;resUnits&quot;:&quot;0&quot;,&quot;Xdensity&quot;:&quot;1&quot;,&quot;thumbWidth&quot;:&quot;0&quot;,&quot;thumbHeight&quot;:&quot;0&quot;}},&quot;Compression&quot;:{&quot;Lossless&quot;:&quot;FALSE&quot;,&quot;CompressionTypeName&quot;:&quot;JPEG&quot;,&quot;NumProgressiveScans&quot;:&quot;1&quot;},&quot;Dimension&quot;:{&quot;PixelAspectRatio&quot;:&quot;1.0&quot;,&quot;ImageOrientation&quot;:&quot;normal&quot;}},&quot;height&quot;:400,&quot;X Resolution&quot;:&quot;1 dot&quot;,&quot;Component 1&quot;:&quot;Y component: Quantization table 0, Sampling factors 2 horiz/2 vert&quot;,&quot;Image Height&quot;:&quot;400 pixels&quot;,&quot;JPEG Comment&quot;:&quot;CREATOR: gd-jpeg v1.0 (using IJG JPEG v62), quality = 80\n&quot;,&quot;Y Resolution&quot;:&quot;1 dot&quot;,&quot;source&quot;:&quot;/opt/lucee/web/temp/8700_cc1280_032_775_940_705_80_538_398_80_bor1_eeeeee_s_c1.jpg&quot;,&quot;Version&quot;:&quot;1.1&quot;,&quot;Component 2&quot;:&quot;Cb component: Quantization table 1, Sampling factors 1 horiz/1 vert&quot;,&quot;colormodel&quot;:{&quot;colormodel_type&quot;:&quot;ComponentColorModel&quot;,&quot;num_components&quot;:3,&quot;alpha_premultiplied&quot;:false,&quot;alpha_channel_support&quot;:false,&quot;bits_component_3&quot;:8,&quot;colorspace&quot;:&quot;Any of the family of RGB color spaces&quot;,&quot;pixel_size&quot;:24,&quot;transparency&quot;:&quot;OPAQUE&quot;,&quot;bits_component&quot;:[8,8,8],&quot;bits_component_2&quot;:8,&quot;num_color_components&quot;:3,&quot;bits_component_1&quot;:8},&quot;Resolution Units&quot;:&quot;none&quot;,&quot;Image Width&quot;:&quot;540 pixels&quot;,&quot;Data Precision&quot;:&quot;8 bits&quot;,&quot;width&quot;:540,&quot;Compression Type&quot;:&quot;Baseline&quot;,&quot;Number of Components&quot;:&quot;3&quot;,&quot;Component 3&quot;:&quot;Cr component: Quantization table 1, Sampling factors 1 horiz/1 vert&quot;}</string></field></recordset></data></wddxPacket>
