<wddxPacket version='1.0'><header/><data><recordset rowCount='7' fieldNames='TCONTENT_ID,SITEID,MODULEID,PARENTID,CONTENTID,CONTENTHISTID,REMOTEID,REMOTEURL,REMOTEPUBDATE,REMOTESOURCEURL,REMOTESOURCE,CREDITS,FILEID,TEMPLATE,TYPE,SUBTYPE,ACTIVE,ORDERNO,TITLE,MENUTITLE,SUMMARY,FILENAME,METADESC,METAKEYWORDS,BODY,LASTUPDATE,LASTUPDATEBY,LASTUPDATEBYID,DISPLAYSTART,DISPLAYSTOP,DISPLAY,APPROVED,ISNAV,RESTRICTED,RESTRICTGROUPS,TARGET,TARGETPARAMS,RESPONSECHART,RESPONSEMESSAGE,RESPONSESENDTO,RESPONSEDISPLAYFIELDS,MODULEASSIGN,DISPLAYTITLE,NOTES,INHERITOBJECTS,ISFEATURE,RELEASEDATE,ISLOCKED,NEXTN,SORTBY,SORTDIRECTION,FEATURESTART,FEATURESTOP,FORCESSL,AUDIENCE,KEYPOINTS,SEARCHEXCLUDE,PATH,TAGS,DOCACHE,URLTITLE,HTMLTITLE,CREATED,MOBILEEXCLUDE,CHANGESETID,IMAGESIZE,IMAGEHEIGHT,IMAGEWIDTH,CHILDTEMPLATE,MAJORVERSION,MINORVERSION,EXPIRES,DISPLAYINTERVAL,OBJECTPARAMS' type='coldfusion.sql.QueryTable'><field name='TContent_ID'><number>52.0</number><number>57.0</number><number>59.0</number><number>60.0</number><number>61.0</number><number>62.0</number><number>63.0</number></field><field name='SiteID'><string>default</string><string>default</string><string>default</string><string>default</string><string>default</string><string>default</string><string>default</string></field><field name='ModuleID'><string>00000000000000000000000000000000000</string><string>00000000000000000000000000000000000</string><string>00000000000000000000000000000000000</string><string>00000000000000000000000000000000000</string><string>00000000000000000000000000000000000</string><string>00000000000000000000000000000000000</string><string>00000000000000000000000000000000000</string></field><field name='ParentID'><string>95FD04A5-E4E8-4082-8AED56A111A341E5</string><string>95FD04A5-E4E8-4082-8AED56A111A341E5</string><string>95FD04A5-E4E8-4082-8AED56A111A341E5</string><string>95FD04A5-E4E8-4082-8AED56A111A341E5</string><string>95FD04A5-E4E8-4082-8AED56A111A341E5</string><string>95FD04A5-E4E8-4082-8AED56A111A341E5</string><string>00000000000000000000000000000000001</string></field><field name='ContentID'><string>C5B40E45-FDE8-4BB2-8EEEC3951A73F247</string><string>9EB23D45-4260-4CF8-9C1675E96F1A9879</string><string>D9D19F78-6C90-418D-BA960F80617EA5D0</string><string>33ABE20A-619F-4DB7-987C49225ADF6A68</string><string>2D7B2F8C-D280-4997-AE1F89F1BC8769BF</string><string>6EDDAB53-0500-4DC1-B6EBB1DAB4871F9F</string><string>95FD04A5-E4E8-4082-8AED56A111A341E5</string></field><field name='ContentHistID'><string>1788021A-E668-44D2-A7A89DD1D9EBC08C</string><string>B04C0AA2-DCFB-445F-AA276330C3035098</string><string>884DD0D7-FC60-4724-BC0A296B4AFF0851</string><string>9D3BC85E-C879-4030-A2E5FB04FB24A31E</string><string>8B33EE30-50C2-4991-8E6971B917035B47</string><string>C3631421-85A7-47E8-B3A8C9886A6C539B</string><string>9E2BED41-CBE9-439C-B7D62DA66A92A6FE</string></field><field name='RemoteID'><string></string><string></string><string></string><string></string><string></string><string></string><string></string></field><field name='remoteurl'><string></string><string></string><string></string><string></string><string></string><string></string><string></string></field><field name='RemotePubDate'><string></string><string></string><string></string><string></string><string></string><string></string><string></string></field><field name='remotesourceurl'><string></string><string></string><string></string><string></string><string></string><string></string><string></string></field><field name='remotesource'><string></string><string></string><string></string><string></string><string></string><string></string><string></string></field><field name='Credits'><string></string><string></string><string></string><string></string><string></string><string></string><string></string></field><field name='FileID'><string>B4964979-2B2E-4F9C-9BF16B89F8622C05</string><string>297A4A38-92FE-4F13-BAB2785718057DF9</string><string>D0592859-01F2-4675-8CEEDDB49796C7F2</string><string>E447C190-5A67-4F47-AEEBA49E6BEE9D4A</string><string>71075BF2-9234-47AC-8A8C2C0918A81CAC</string><string>B2251A1E-5E22-476A-8ADF86985F996F4A</string><string></string></field><field name='Template'><string></string><string></string><string></string><string></string><string></string><string></string><string>one_column.cfm</string></field><field name='Type'><string>Page</string><string>Page</string><string>Page</string><string>Page</string><string>Page</string><string>Page</string><string>Folder</string></field><field name='subType'><string>Car</string><string>Default</string><string>Default</string><string>Default</string><string>Default</string><string>Default</string><string>Default</string></field><field name='Active'><number>1.0</number><number>1.0</number><number>1.0</number><number>1.0</number><number>1.0</number><number>1.0</number><number>1.0</number></field><field name='OrderNo'><number>2.0</number><number>4.0</number><number>6.0</number><number>7.0</number><number>8.0</number><number>9.0</number><number>3.0</number></field><field name='Title'><string>Tesla Model S 90D</string><string>Porsche Macan</string><string>Porsche 911</string><string>Mercedes-Benz G550</string><string>Mercedes-Benz C63 AMG</string><string>Land Rover Range Rover Sport</string><string>Car Catalog</string></field><field name='MenuTitle'><string>Tesla Model S 90D</string><string>Porsche Macan</string><string>Porsche 911</string><string>Mercedes-Benz G550</string><string>Mercedes-Benz C63 AMG</string><string>Land Rover Range Rover Sport</string><string>Car Catalog</string></field><field name='Summary'><string>&lt;p&gt;While others are developing mundane case studies in urban commuting, Tesla has created a luxury vehicle that captures all the performance, luxury, and technological potential of electric propulsion. All of Hertz&amp;rsquo;s Model S are equipped with a range leading 90kWh battery pack that achieves an EPA- certified range of over 290 miles between charging.&lt;/p&gt;

&lt;h5&gt;Specifications&lt;/h5&gt;

&lt;ul&gt;
	&lt;li&gt;0-60: 4.2 secs&lt;/li&gt;
	&lt;li&gt;Top Speed: 155 mph&lt;/li&gt;
	&lt;li&gt;Range: 290 miles&lt;/li&gt;
&lt;/ul&gt;</string><string>&lt;p&gt;A perfect combination of sport, luxury, and utility.&amp;nbsp; The Macan has a 340 horsepower engine and feature the Porsche Traction Management all-wheel drive system.&amp;nbsp; The interior has seating for 5 passengers and 17.7 cu. ft. of luggage space.&lt;/p&gt;

&lt;h5&gt;Specifications&lt;/h5&gt;

&lt;ul&gt;
	&lt;li&gt;0-60: 5.2 secs&lt;/li&gt;
	&lt;li&gt;Power: 340 bhp&lt;/li&gt;
	&lt;li&gt;Torque: 339 lb-ft&lt;/li&gt;
&lt;/ul&gt;</string><string>&lt;p&gt;The 7th Generation of the Iconic Sports Car includes a Rear-Engine layout with race bred performance, a 350 horsepower engine with 7-speed PDK&amp;reg; transmission, and Porsche Communication Management with Navigation.&lt;/p&gt;

&lt;h5&gt;Specifications&lt;/h5&gt;

&lt;ul&gt;
	&lt;li&gt;0-60: 4.6 secs&lt;/li&gt;
	&lt;li&gt;Power: 350 bhp&lt;/li&gt;
	&lt;li&gt;Torque: 287 lb-ft&lt;/li&gt;
&lt;/ul&gt;</string><string>&lt;p&gt;Some vehicles are classic; others timeless.&amp;nbsp; The G-class has been handcrafted in Austria since 1979, its longevity a testament to its iconic presence and its legendary capability. The world&amp;rsquo;s most capable off-road vehicles employ a locking differential; the G550 boasts three. In addition to modern engine technology, the most recent edition features an all-new interior with heated and ventilated seats, backup camera, blind-spot monitoring, adaptive cruise control, LCD infotainment system, voice command, Bluetooth connectivity, and premium 830 watt Harman/Kardon sound.&lt;/p&gt;

&lt;h5&gt;Specifications&lt;/h5&gt;

&lt;ul&gt;
	&lt;li&gt;0-60: 6.0 secs&lt;/li&gt;
	&lt;li&gt;Power: 382 bhp&lt;/li&gt;
	&lt;li&gt;Torque: 391 lb-ft&lt;/li&gt;
&lt;/ul&gt;</string><string>&lt;p&gt;A fierce precision instrument from Mercedes-Benz's in-house AMG tuning division: the C63 features a handcrafted 6.3 liter V8 engine mated to a 7-speed multi-clutch automatic transmission with manual and Sport+ modes. A sport suspension and 18&amp;quot; alloy wheels keep you planted during this car's plentiful acceleration and cornering. A luxurious modern interior offers power seating and Bluetooth audio streaming. Specifications 0-60: 4.4 secs Power: 451 bhp Torque: 443 lb-ft&lt;/p&gt;</string><string>&lt;p&gt;A timeless symbol of luxury, capability, and taste, the Range Rover Sport combines terrain-taming off-road technology with traditional British luxury. Acres of wood and leather greet passengers, while a 5.0 liter V8 provides effortless motivation.&lt;/p&gt;

&lt;h5&gt;Specifications&lt;/h5&gt;

&lt;ul&gt;
	&lt;li&gt;0-60: 7.2 secs&lt;/li&gt;
	&lt;li&gt;Power: 375 bhp&lt;/li&gt;
	&lt;li&gt;Torque: 375 lb-ft&lt;/li&gt;
&lt;/ul&gt;</string><string></string></field><field name='Filename'><string>car-catalog/tesla-model-s-90d</string><string>car-catalog/porsche-macan</string><string>car-catalog/porsche-911</string><string>car-catalog/mercedes-benz-g550</string><string>car-catalog/mercedes-benz-c63-amg</string><string>car-catalog/land-rover-range-rover-sport</string><string>car-catalog</string></field><field name='metadesc'><string></string><string></string><string></string><string></string><string></string><string></string><string></string></field><field name='metakeywords'><string></string><string></string><string></string><string></string><string></string><string></string><string></string></field><field name='Body'><string></string><string></string><string></string><string></string><string></string><string></string><string></string></field><field name='lastUpdate'><dateTime>2018-4-4T22:38:3+0:0</dateTime><dateTime>2018-4-4T23:19:25+0:0</dateTime><dateTime>2018-4-4T23:19:36+0:0</dateTime><dateTime>2018-4-4T23:19:40+0:0</dateTime><dateTime>2018-4-4T23:19:45+0:0</dateTime><dateTime>2018-4-4T23:19:49+0:0</dateTime><dateTime>2018-4-4T23:20:58+0:0</dateTime></field><field name='lastUpdateBy'><string>Admin User</string><string>Admin User</string><string>Admin User</string><string>Admin User</string><string>Admin User</string><string>Admin User</string><string>Admin User</string></field><field name='lastUpdateByID'><string>320812C8-0B63-4438-ACCAE204135307CA</string><string>320812C8-0B63-4438-ACCAE204135307CA</string><string>320812C8-0B63-4438-ACCAE204135307CA</string><string>320812C8-0B63-4438-ACCAE204135307CA</string><string>320812C8-0B63-4438-ACCAE204135307CA</string><string>320812C8-0B63-4438-ACCAE204135307CA</string><string>320812C8-0B63-4438-ACCAE204135307CA</string></field><field name='DisplayStart'><string></string><string></string><string></string><string></string><string></string><string></string><string></string></field><field name='DisplayStop'><string></string><string></string><string></string><string></string><string></string><string></string><string></string></field><field name='Display'><number>1.0</number><number>1.0</number><number>1.0</number><number>1.0</number><number>1.0</number><number>1.0</number><number>1.0</number></field><field name='Approved'><number>1.0</number><number>1.0</number><number>1.0</number><number>1.0</number><number>1.0</number><number>1.0</number><number>1.0</number></field><field name='IsNav'><number>1.0</number><number>1.0</number><number>1.0</number><number>1.0</number><number>1.0</number><number>1.0</number><number>0.0</number></field><field name='Restricted'><number>0.0</number><number>0.0</number><number>0.0</number><number>0.0</number><number>0.0</number><number>0.0</number><number>0.0</number></field><field name='restrictgroups'><string></string><string></string><string></string><string></string><string></string><string></string><string></string></field><field name='Target'><string>_self</string><string>_self</string><string>_self</string><string>_self</string><string>_self</string><string>_self</string><string>_self</string></field><field name='targetparams'><string></string><string></string><string></string><string></string><string></string><string></string><string></string></field><field name='responseChart'><number>0.0</number><number>0.0</number><number>0.0</number><number>0.0</number><number>0.0</number><number>0.0</number><number>0.0</number></field><field name='responseMessage'><string></string><string></string><string></string><string></string><string></string><string></string><string></string></field><field name='responsesendto'><string></string><string></string><string></string><string></string><string></string><string></string><string></string></field><field name='responsedisplayfields'><string></string><string></string><string></string><string></string><string></string><string></string><string>Image,Date,Title,Summary,Credits,Tags</string></field><field name='moduleassign'><string></string><string></string><string></string><string></string><string></string><string></string><string></string></field><field name='displayTitle'><number>0.0</number><number>0.0</number><number>0.0</number><number>0.0</number><number>0.0</number><number>0.0</number><number>0.0</number></field><field name='notes'><string></string><string></string><string></string><string></string><string></string><string></string><string></string></field><field name='inheritObjects'><string>Inherit</string><string>Inherit</string><string>Inherit</string><string>Inherit</string><string>Inherit</string><string>Inherit</string><string>Cascade</string></field><field name='isFeature'><number>0.0</number><number>0.0</number><number>0.0</number><number>0.0</number><number>0.0</number><number>0.0</number><number>0.0</number></field><field name='ReleaseDate'><string></string><string></string><string></string><string></string><string></string><string></string><string></string></field><field name='IsLocked'><number>0.0</number><number>0.0</number><number>0.0</number><number>0.0</number><number>0.0</number><number>0.0</number><number>0.0</number></field><field name='nextN'><number>10.0</number><number>10.0</number><number>10.0</number><number>10.0</number><number>10.0</number><number>10.0</number><number>20.0</number></field><field name='sortBy'><string>orderno</string><string>orderno</string><string>orderno</string><string>orderno</string><string>orderno</string><string>orderno</string><string>orderno</string></field><field name='sortDirection'><string>asc</string><string>asc</string><string>asc</string><string>asc</string><string>asc</string><string>asc</string><string>asc</string></field><field name='featureStart'><string></string><string></string><string></string><string></string><string></string><string></string><string></string></field><field name='featureStop'><string></string><string></string><string></string><string></string><string></string><string></string><string></string></field><field name='forceSSL'><number>0.0</number><number>0.0</number><number>0.0</number><number>0.0</number><number>0.0</number><number>0.0</number><number>0.0</number></field><field name='audience'><string></string><string></string><string></string><string></string><string></string><string></string><string></string></field><field name='keypoints'><string></string><string></string><string></string><string></string><string></string><string></string><string></string></field><field name='searchExclude'><number>0.0</number><number>0.0</number><number>0.0</number><number>0.0</number><number>0.0</number><number>0.0</number><number>0.0</number></field><field name='path'><string>00000000000000000000000000000000001,95FD04A5-E4E8-4082-8AED56A111A341E5,C5B40E45-FDE8-4BB2-8EEEC3951A73F247</string><string>00000000000000000000000000000000001,95FD04A5-E4E8-4082-8AED56A111A341E5,9EB23D45-4260-4CF8-9C1675E96F1A9879</string><string>00000000000000000000000000000000001,95FD04A5-E4E8-4082-8AED56A111A341E5,D9D19F78-6C90-418D-BA960F80617EA5D0</string><string>00000000000000000000000000000000001,95FD04A5-E4E8-4082-8AED56A111A341E5,33ABE20A-619F-4DB7-987C49225ADF6A68</string><string>00000000000000000000000000000000001,95FD04A5-E4E8-4082-8AED56A111A341E5,2D7B2F8C-D280-4997-AE1F89F1BC8769BF</string><string>00000000000000000000000000000000001,95FD04A5-E4E8-4082-8AED56A111A341E5,6EDDAB53-0500-4DC1-B6EBB1DAB4871F9F</string><string>00000000000000000000000000000000001,95FD04A5-E4E8-4082-8AED56A111A341E5</string></field><field name='tags'><string></string><string></string><string></string><string></string><string></string><string></string><string></string></field><field name='doCache'><number>1.0</number><number>1.0</number><number>1.0</number><number>1.0</number><number>1.0</number><number>1.0</number><number>1.0</number></field><field name='urltitle'><string>tesla-model-s-90d</string><string>porsche-macan</string><string>porsche-911</string><string>mercedes-benz-g550</string><string>mercedes-benz-c63-amg</string><string>land-rover-range-rover-sport</string><string>car-catalog</string></field><field name='htmltitle'><string>Tesla Model S 90D</string><string>Porsche Macan</string><string>Porsche 911</string><string>Mercedes-Benz G550</string><string>Mercedes-Benz C63 AMG</string><string>Land Rover Range Rover Sport</string><string>Car Catalog</string></field><field name='created'><dateTime>2018-4-4T8:13:7+0:0</dateTime><dateTime>2018-4-4T8:12:13+0:0</dateTime><dateTime>2018-4-4T8:9:58+0:0</dateTime><dateTime>2018-4-4T8:6:32+0:0</dateTime><dateTime>2018-4-4T8:5:51+0:0</dateTime><dateTime>2018-4-4T7:46:7+0:0</dateTime><dateTime>2018-4-4T7:44:58+0:0</dateTime></field><field name='mobileExclude'><number>0.0</number><number>0.0</number><number>0.0</number><number>0.0</number><number>0.0</number><number>0.0</number><number>0.0</number></field><field name='changesetID'><string></string><string></string><string></string><string></string><string></string><string></string><string></string></field><field name='imageSize'><string>small</string><string>small</string><string>small</string><string>small</string><string>small</string><string>small</string><string>small</string></field><field name='imageHeight'><string>AUTO</string><string>AUTO</string><string>AUTO</string><string>AUTO</string><string>AUTO</string><string>AUTO</string><string>AUTO</string></field><field name='imageWidth'><string>AUTO</string><string>AUTO</string><string>AUTO</string><string>AUTO</string><string>AUTO</string><string>AUTO</string><string>AUTO</string></field><field name='childTemplate'><string></string><string></string><string></string><string></string><string></string><string></string><string></string></field><field name='majorVersion'><number>0.0</number><number>0.0</number><number>0.0</number><number>0.0</number><number>0.0</number><number>0.0</number><number>0.0</number></field><field name='minorVersion'><number>0.0</number><number>0.0</number><number>0.0</number><number>0.0</number><number>0.0</number><number>0.0</number><number>0.0</number></field><field name='expires'><string></string><string></string><string></string><string></string><string></string><string></string><string></string></field><field name='displayInterval'><string>{&quot;repeats&quot;:1,&quot;detectconflicts&quot;:0,&quot;allday&quot;:0,&quot;timezone&quot;:&quot;Etc/UTC&quot;,&quot;every&quot;:&quot;1&quot;,&quot;type&quot;:&quot;daily&quot;,&quot;end&quot;:&quot;never&quot;,&quot;endon&quot;:&quot;&quot;,&quot;endafter&quot;:&quot;0&quot;,&quot;daysofweek&quot;:&quot;&quot;}</string><string>{&quot;repeats&quot;:1,&quot;detectconflicts&quot;:0,&quot;allday&quot;:0,&quot;timezone&quot;:&quot;Etc/UTC&quot;,&quot;every&quot;:&quot;1&quot;,&quot;type&quot;:&quot;daily&quot;,&quot;end&quot;:&quot;never&quot;,&quot;endon&quot;:&quot;&quot;,&quot;endafter&quot;:&quot;0&quot;,&quot;daysofweek&quot;:&quot;&quot;}</string><string>{&quot;repeats&quot;:1,&quot;detectconflicts&quot;:0,&quot;allday&quot;:0,&quot;timezone&quot;:&quot;Etc/UTC&quot;,&quot;every&quot;:&quot;1&quot;,&quot;type&quot;:&quot;daily&quot;,&quot;end&quot;:&quot;never&quot;,&quot;endon&quot;:&quot;&quot;,&quot;endafter&quot;:&quot;0&quot;,&quot;daysofweek&quot;:&quot;&quot;}</string><string>{&quot;repeats&quot;:1,&quot;detectconflicts&quot;:0,&quot;allday&quot;:0,&quot;timezone&quot;:&quot;Etc/UTC&quot;,&quot;every&quot;:&quot;1&quot;,&quot;type&quot;:&quot;daily&quot;,&quot;end&quot;:&quot;never&quot;,&quot;endon&quot;:&quot;&quot;,&quot;endafter&quot;:&quot;0&quot;,&quot;daysofweek&quot;:&quot;&quot;}</string><string>{&quot;repeats&quot;:1,&quot;detectconflicts&quot;:0,&quot;allday&quot;:0,&quot;timezone&quot;:&quot;Etc/UTC&quot;,&quot;every&quot;:&quot;1&quot;,&quot;type&quot;:&quot;daily&quot;,&quot;end&quot;:&quot;never&quot;,&quot;endon&quot;:&quot;&quot;,&quot;endafter&quot;:&quot;0&quot;,&quot;daysofweek&quot;:&quot;&quot;}</string><string>{&quot;repeats&quot;:1,&quot;detectconflicts&quot;:0,&quot;allday&quot;:0,&quot;timezone&quot;:&quot;Etc/UTC&quot;,&quot;every&quot;:&quot;1&quot;,&quot;type&quot;:&quot;daily&quot;,&quot;end&quot;:&quot;never&quot;,&quot;endon&quot;:&quot;&quot;,&quot;endafter&quot;:&quot;0&quot;,&quot;daysofweek&quot;:&quot;&quot;}</string><string>{&quot;repeats&quot;:1,&quot;detectconflicts&quot;:0,&quot;allday&quot;:0,&quot;timezone&quot;:&quot;Etc/UTC&quot;,&quot;every&quot;:&quot;1&quot;,&quot;type&quot;:&quot;daily&quot;,&quot;end&quot;:&quot;never&quot;,&quot;endon&quot;:&quot;&quot;,&quot;endafter&quot;:&quot;0&quot;,&quot;daysofweek&quot;:&quot;&quot;}</string></field><field name='objectParams'><string>{}</string><string>{}</string><string>{}</string><string>{}</string><string>{}</string><string>{}</string><string>{&quot;object&quot;:&quot;folder&quot;,&quot;objectid&quot;:&quot;95FD04A5-E4E8-4082-8AED56A111A341E5&quot;,&quot;instanceid&quot;:&quot;5E78D06E-7764-449A-A4FDE9008C6BF866&quot;,&quot;async&quot;:false,&quot;render&quot;:&quot;server&quot;,&quot;objectname&quot;:&quot;Cars&quot;,&quot;sourcetype&quot;:&quot;children&quot;,&quot;source&quot;:&quot;95FD04A5-E4E8-4082-8AED56A111A341E5&quot;,&quot;standardoptions&quot;:true,&quot;forcelayout&quot;:false,&quot;layout&quot;:&quot;cars&quot;,&quot;displaylist&quot;:&quot;Image,Date,Title,Summary,Credits,Tags&quot;,&quot;items&quot;:&quot;&quot;,&quot;maxitems&quot;:4,&quot;nextn&quot;:20,&quot;sortby&quot;:&quot;orderno&quot;,&quot;viewalllink&quot;:&quot;&quot;,&quot;viewalllabel&quot;:&quot;&quot;,&quot;modalimages&quot;:false,&quot;applypermfilter&quot;:false,&quot;imagesize&quot;:&quot;small&quot;,&quot;imageheight&quot;:&quot;AUTO&quot;,&quot;imagewidth&quot;:&quot;AUTO&quot;,&quot;objecticonclass&quot;:&quot;mi-th-list&quot;,&quot;cssclass&quot;:&quot;&quot;,&quot;class&quot;:&quot;&quot;,&quot;inited&quot;:true,&quot;isbodyobject&quot;:true,&quot;sortdirection&quot;:&quot;asc&quot;}</string></field></recordset></data></wddxPacket>

